id,x,y,size,layer
0,-1.0631433439190332,-0.6276610918518812,0.6,1
1,0.32479919336660257,3.0,0.6,1
2,-0.3583194951440072,0.37058236391318133,0.6,1
3,0.7968771096539725,0.6457887749640819,0.6,1
4,0.46098064556745,-2.0300940357542263,0.6,1
5,0.21955223403668822,1.6883187561818356,0.6,1
6,-2.3090695461875983,-1.1056006551690367,0.6,1
7,0.3452310254007328,-0.6853760083857796,0.6,1
8,1.5830921772251922,-1.2559581038981742,0.6,1
